{
    "N1": {"position": [27.37459539780501, -82.45316120380554], "offset": [5, 0]},
    "F1": {"position": [27.374650847805004, -82.45315918419884], "offset": [0, 0]},
    "F2": {"position": [27.374701177861272, -82.45314991727123], "offset": [-1.5, 0]},
    "F3": {"position": [27.37472465780499, -82.45316248472237], "offset": [0, 0]},
    "F4": {"position": [27.37479969807908, -82.45316889878659], "offset": [0, -1.5]},
    "F5": {"position": [27.374839238408075, -82.45310841161698], "offset": [0, -1.5]},
    "F6": {"position": [27.374854568549505, -82.45307717981369], "offset": [0, -1.5]},
    "F7": {"position": [27.374855888684362, -82.45304605792504], "offset": [0, -1.5]},
    "T1": {"position": [27.374855888894494, -82.45299542143128], "offset": [0, -1.5]},
    "T2": {"position": [27.374485038894512, -82.45297640956456], "offset": [0, 0]},
    "R1": {"position": [27.374485038209293, -82.4531283185367], "offset": [0, 0]},
    "R2": {"position": [27.374473427661123, -82.45317398109978], "offset": [0, 0]}
}
